age,age_desc
29,29-39
34,29-39
35,29-39
37,29-39
38,29-39
39,29-39
40,40-50
41,40-50
42,40-50
43,40-50
44,40-50
45,40-50
46,40-50
47,40-50
48,40-50
49,40-50
50,40-50
51,51-60
52,51-60
53,51-60
54,51-60
55,51-60
56,51-60
57,51-60
58,51-60
59,51-60
60,51-60
61,60-65
62,60-65
63,60-65
64,60-65
65,60-65
66,66-70
67,66-70
68,66-70
69,66-70
70,66-70
71,71-77
74,71-77
76,71-77
77,71-77
